gage,variable,n,mean,median,q1,q3,iqr,min,max
Bear River,Q,22783,677.6074915646147,661.0,245.0,1002.375,757.375,40.432258064516134,2140.0
Bear River,WTE,22783,4874.420652992793,4487.058753907259,4422.291873531736,4885.626979605764,463.33510607402786,4232.650101204483,6588.437226435255
Weber River,Q,18174,80.88022122692563,70.64482758620689,54.785714285714285,97.2,42.41428571428572,1.7096774193548387,290.0
Weber River,WTE,18174,5080.0540602564315,4898.97634137036,4510.888448044342,5138.735150362546,627.8467023182038,4163.793935860058,6875.268488741198
Provo River,Q,10314,102.68253595194564,81.91428571428571,37.75806451612903,143.5,105.74193548387098,0.6838709677419356,361.5
Provo River,WTE,10314,5898.626181449764,5641.681249131409,5501.671688827103,6512.989417778624,1011.3177289515206,4494.0151954640405,6708.2454105594925
Little Cottonwood,Q,2479,14.003512766397103,10.154193548387092,4.869666666666669,18.348275862068963,13.478609195402294,1.0406451612903225,64.7
Little Cottonwood,WTE,2479,4410.032841864658,4394.646296296297,4311.838117595614,4522.819960252433,210.98184265681903,4248.7300451146975,4573.615222912775
Spanish Fork,Q,1686,64.54065589721263,63.877419354838715,12.81,104.14285714285714,91.33285714285714,0.0,286.25
Spanish Fork,WTE,1686,5040.665029843049,4593.828505440609,4540.607808563748,5948.026128860379,1407.4183202966306,4445.5,5954.839470290454
