gage,gage_id,retained,lag_months,series,slope,se,p,ci_lo,ci_hi,r2,n_obs,n_wells,n_clusters
Bear River,10126000,True,0,raw,-2.013839605245734,2.3256060232947995,0.3865220460061617,-6.628929070292948,2.6012498598014795,0.00026240266722932226,22783,99,99
Bear River,10126000,True,0,deseasonalised,2.267563190752626,2.781184004186191,0.4148874663119464,-3.2516059503269785,7.786732331832231,0.0007960706325919054,22783,99,99
Bear River,10126000,True,0,deseasonalised_normalized,0.006609091564363364,0.0068612570429154186,0.33542312297666843,-0.0070068497337582095,0.020225032862484938,0.00027990518273424136,22783,99,99
Bear River,10126000,True,3,raw,3.2102201534586756,3.4572226493670546,0.3531199354597032,-3.651409797998223,10.071850104915574,0.000715110415716036,16415,98,98
Bear River,10126000,True,3,deseasonalised,2.062730007136184,2.0802513786578682,0.3214037761290649,-2.065993136850968,6.191453151123335,0.0008241360578058465,16415,98,98
Bear River,10126000,True,3,deseasonalised_normalized,0.00579612785245253,0.004563444597644382,0.2040414514272717,-0.003261046448642472,0.014853302153547533,0.00021868876441344387,16415,98,98
Bear River,10126000,True,6,raw,5.016670331401027,3.585409669789385,0.1617559329490429,-2.0993753716358032,12.132716034437857,0.0013729384291116808,15765,98,98
Bear River,10126000,True,6,deseasonalised,0.8212660859513101,1.6881445589405062,0.6266195251966442,-2.5292335615434376,4.171765733446058,0.0001236941663771418,15765,98,98
Bear River,10126000,True,6,deseasonalised_normalized,0.003559670816035319,0.0036094201380061793,0.3240267318388763,-0.0036040290199787495,0.010723370652049388,7.367917875811258e-05,15765,98,98
Bear River,10126000,True,12,raw,-5.1031830479612035,1.6931306479584922,0.0025778400356941023,-8.463578701937543,-1.7427873939848637,0.0019216895573023196,16805,98,98
Bear River,10126000,True,12,deseasonalised,-0.7059695903148289,1.450627406199524,0.6264957504589375,-3.5850634376854043,2.173124257055746,9.692434140307071e-05,16805,98,98
Bear River,10126000,True,12,deseasonalised_normalized,-0.0019540289518573213,0.003619705495070153,0.5893136405855135,-0.009138142374512825,0.005230084470798184,2.6350088668691818e-05,16805,98,98
Weber River,10141000,True,0,raw,0.045732280140700604,0.07131106173044828,0.5213232687932743,-0.0956643822448453,0.1871289425262465,6.040670795603997e-05,18174,106,106
Weber River,10141000,True,0,deseasonalised,0.18775274968574518,0.07959877955057652,0.018337145143495336,0.029923073822025387,0.34558242554946494,0.0013589055023618402,18174,106,106
Weber River,10141000,True,0,deseasonalised_normalized,0.0033852582266715586,0.0014994884934006818,0.023970067505686914,0.00041204953916357256,0.006358466914179545,0.000557769229690197,18174,106,106
Weber River,10141000,True,3,raw,0.021872382384908334,0.12284523494969928,0.858685062074768,-0.22170702577918466,0.2654517905490013,1.1660926265144589e-05,12059,106,106
Weber River,10141000,True,3,deseasonalised,0.04765636637318016,0.09589598149971398,0.6192179987248898,-0.14248765043446832,0.23780038318082863,8.079491427370744e-05,12059,106,106
Weber River,10141000,True,3,deseasonalised_normalized,0.0009117060353694177,0.0017451500327037718,0.6013760370167347,-0.0025486041044385154,0.00437201617517735,3.9908713448832955e-05,12059,106,106
Weber River,10141000,True,6,raw,0.17737716225168623,0.10159933774777181,0.08083709114868536,-0.024075556436175538,0.378829880939548,0.0009067371523403533,11399,106,106
Weber River,10141000,True,6,deseasonalised,0.05369448163331926,0.07238558935035604,0.4582181356001984,-0.08983277052903217,0.1972217337956707,0.00011851433414211687,11399,106,106
Weber River,10141000,True,6,deseasonalised_normalized,0.00042517209786286384,0.0014168712825853962,0.7641175536976886,-0.0023842219221670113,0.003234566117892739,9.489485201852332e-06,11399,106,106
Weber River,10141000,True,12,raw,0.012892810367362721,0.07495021182751313,0.8634231175379474,-0.1357196144140654,0.16150523514879087,5.852429590391672e-06,13737,106,106
Weber River,10141000,True,12,deseasonalised,0.21903642213765298,0.0867258005979017,0.011549430915292572,0.047075180085050655,0.3909976641902553,0.0022006629600498373,13737,106,106
Weber River,10141000,True,12,deseasonalised_normalized,0.003995361942360475,0.0015578519552539515,0.010327669350729766,0.0009064292912616496,0.0070842945934593,0.0010355405916605553,13737,106,106
Spanish Fork,10152000,False,0,raw,1.6853541212158918,1.2364800849918018,0.17287441425083305,-1.340203652455287,4.7109118948870705,0.013977263986941657,1686,7,7
Spanish Fork,10152000,False,0,deseasonalised,1.4795003256236383,1.2409445871182732,0.2331682427759556,-1.5569816912102652,4.515982342457542,0.026416908328837696,1686,7,7
Spanish Fork,10152000,False,0,deseasonalised_normalized,1.0101629756277144,0.704374091973025,0.15153558986141047,-0.7133783376605571,2.7337042889159857,0.02933455748792224,1686,7,7
Spanish Fork,10152000,False,3,raw,0.6687888596501979,0.7756517238912386,0.3885619048392752,-1.2291625359002993,2.566740255200695,0.00210437848498346,1572,7,7
Spanish Fork,10152000,False,3,deseasonalised,1.1343667822868508,0.8317547408766818,0.17262307666016374,-0.900863750410315,3.1695973149840166,0.015127601157057802,1572,7,7
Spanish Fork,10152000,False,3,deseasonalised_normalized,0.63210072764105,0.47841401755655333,0.18642066234296506,-0.5385362016719577,1.8027376569540576,0.011077791335919684,1572,7,7
Spanish Fork,10152000,False,6,raw,0.34398568984189193,0.5561880006613215,0.5362654523640122,-1.0169573204409215,1.7049287001247055,0.0005989384083288085,1570,7,7
Spanish Fork,10152000,False,6,deseasonalised,0.812769179740037,0.6169516973120835,0.18770620258458226,-0.6968572399969041,2.322395599476978,0.009270602196365219,1570,7,7
Spanish Fork,10152000,False,6,deseasonalised_normalized,0.5079826740154325,0.3539996616900307,0.15129260411084458,-0.3582232934752134,1.3741886415060784,0.008117826761160907,1570,7,7
Spanish Fork,10152000,False,12,raw,0.951349192373039,0.5190624899675166,0.06682903448715038,-0.3187509658132939,2.221449350559372,0.004671413527892021,1551,7,7
Spanish Fork,10152000,False,12,deseasonalised,0.8122993002138055,0.5226613651662485,0.12014629588812964,-0.46660698834709646,2.0912055887747076,0.008958095739109218,1551,7,7
Spanish Fork,10152000,False,12,deseasonalised_normalized,0.4609297370850767,0.3288086416758514,0.16096972490247174,-0.34363602499044377,1.2654954991605971,0.006574029555147742,1551,7,7
Provo River,10163000,True,0,raw,-0.4048200893869479,0.4655645724738613,0.3845599760431483,-1.3419529683323885,0.5323127895584928,0.0009011225834462122,10314,47,47
Provo River,10163000,True,0,deseasonalised,0.6867458696779303,0.2103770538845044,0.0010971271700750455,0.2632788238001759,1.1102129155556846,0.0038623880426560397,10314,47,47
Provo River,10163000,True,0,deseasonalised_normalized,0.013796520972778394,0.03515676275480277,0.6947415200901863,-0.05697037204861859,0.08456341399417537,3.1978094960583014e-05,10314,47,47
Provo River,10163000,True,3,raw,0.654580165790419,0.24298572751736383,0.007062055209072221,0.16547526427048187,1.143685067310356,0.002452845503840062,8531,47,47
Provo River,10163000,True,3,deseasonalised,0.6671309974388956,0.2928956927273234,0.022743953311036735,0.07756254660560902,1.2566994482721823,0.003798735447679058,8531,47,47
Provo River,10163000,True,3,deseasonalised_normalized,0.01179418150199546,0.054892951707574585,0.8298781493667233,-0.09869959940187815,0.12228796240586907,2.32794144364723e-05,8531,47,47
Provo River,10163000,True,6,raw,1.5342312155419835,0.329010603852033,3.113806684355709e-06,0.8715698433458702,2.196892587738097,0.012274666525380451,8462,46,46
Provo River,10163000,True,6,deseasonalised,0.8052143287282574,0.1887539485218049,1.990560901720697e-05,0.42504436134584933,1.1853842961106653,0.005131784261588335,8462,46,46
Provo River,10163000,True,6,deseasonalised_normalized,0.046706370985568554,0.02956763659217342,0.11418817465985144,-0.012845906075925242,0.10625864804706235,0.0003417697793413055,8462,46,46
Provo River,10163000,True,12,raw,-0.7516518391016802,0.4958260952511459,0.12952981812859526,-1.7496980040621173,0.24639432585875676,0.003090513098802483,8482,47,47
Provo River,10163000,True,12,deseasonalised,0.2474667333068957,0.2638000250710478,0.34820095029975884,-0.28353517615345125,0.7784686427672427,0.00048407310155273997,8482,47,47
Provo River,10163000,True,12,deseasonalised_normalized,-0.0037300574326664315,0.04074898328118047,0.9270655617803534,-0.08575350653979597,0.07829339167446311,2.187151368238105e-06,8482,47,47
Little Cottonwood,10168000,True,0,raw,0.5796253948436871,0.11975080928998004,1.296675012473146e-06,0.324382586802198,0.8348682028851763,0.03039788195287607,2479,16,16
Little Cottonwood,10168000,True,0,deseasonalised,0.8075594927632835,0.10916708545039881,1.3881072792852237e-13,0.5748753580899952,1.0402436274365718,0.11204056812273577,2479,16,16
Little Cottonwood,10168000,True,0,deseasonalised_normalized,0.12366858986992715,0.013603856481668553,9.840266148344176e-20,0.09467265615422046,0.15266452358563384,0.12901315540568326,2479,16,16
Little Cottonwood,10168000,True,3,raw,0.30319457494625923,0.23870939937178332,0.2040344396225212,-0.20560246586546727,0.8119916157579857,0.008054806960122951,2189,16,16
Little Cottonwood,10168000,True,3,deseasonalised,0.6147439324353681,0.10060370391406329,9.928855258650676e-10,0.4003122134461532,0.8291756514245829,0.06959087956920407,2189,16,16
Little Cottonwood,10168000,True,3,deseasonalised_normalized,0.0941150028783785,0.012949676241998465,3.6552583483207603e-13,0.06651342133723051,0.12171658441952649,0.07932031125299366,2189,16,16
Little Cottonwood,10168000,True,6,raw,0.6911555898392099,0.1975989477565694,0.00046916627531417687,0.26998340244046964,1.11232777723795,0.03951015871517283,2148,16,16
Little Cottonwood,10168000,True,6,deseasonalised,0.7261465272660078,0.11362094352260979,1.648510912690575e-10,0.4839692188287197,0.9683238357032959,0.0854616644939723,2148,16,16
Little Cottonwood,10168000,True,6,deseasonalised_normalized,0.11162157148745772,0.01406970782043415,2.1311013521347854e-15,0.0816326991474409,0.14161044382747454,0.09796952584110241,2148,16,16
Little Cottonwood,10168000,True,12,raw,0.49784784314570973,0.11794278839755708,2.431172651678985e-05,0.24645874041373733,0.7492369458776822,0.02444450427598155,2157,16,16
Little Cottonwood,10168000,True,12,deseasonalised,0.6946759445913551,0.09223607551467683,5.016095385238885e-14,0.49807940335142176,0.8912724858312884,0.08055839902410822,2157,16,16
Little Cottonwood,10168000,True,12,deseasonalised_normalized,0.10489189357888827,0.010805248251447538,2.801370439710514e-22,0.08186105210368474,0.1279227350540918,0.09009474561653741,2157,16,16
