well_id,gage_id,mi,pearson_r,pearson_p,spearman_r,spearman_p,n_records
410202110560201,10126000,0.3037568127876356,-0.3335780832607964,9.880449183110432e-05,-0.3535129897950484,3.444177599873604e-05,131.0
412058111002901,10126000,0.4563062175878825,-0.05635521352662,0.6582665022146224,0.0707373830052262,0.5785922332691474,64.0
412248111020301,10126000,0.2878721677214724,-0.2391279472142144,0.002559601923232,-0.2077416253849664,0.0090346493095677,157.0
413124111071601,10126000,0.2110061497451044,-0.053279062110517,0.4446801379746984,-0.0516694748507065,0.4585768433164945,208.0
413124111071602,10126000,0.3072965839089094,-0.0522783338445565,0.4958142973240867,-0.0706719572664677,0.3569209296323515,172.0
413136111094001,10126000,0.0929757826974936,0.0299602759137372,0.4804009353419537,0.0083578726940145,0.8439737287403246,557.0
413157111094501,10126000,0.3163058483111753,-0.0089341245341873,0.9036702576923606,-0.0302896934478761,0.6815083446129251,186.0
413559111101901,10126000,0.2540628084442088,0.0106066815134811,0.8857494366869965,-0.0292686611142527,0.6916879968345353,186.0
413609111495701,10126000,0.1559004481922741,-0.2017998017694782,5.845081309963013e-05,-0.246416487937111,8.087421763188179e-07,391.0
413729112100501,10126000,0.1340026912139191,0.0068528762555424,0.8903763636925699,0.0047814908858921,0.9233880844306036,407.0
413818111501701,10126000,0.1876747795102501,0.0095991615852351,0.8833802466771027,0.0189517448779365,0.7721051234953105,236.0
413840111552601,10126000,0.1215299250655065,-0.1429824580723561,0.0025004842575635,-0.1436185956413221,0.0023904499438522,445.0
413852111514301,10126000,0.815775332494484,-0.1889470731496147,0.224951875316837,-0.1689821806100876,0.2786968245043998,43.0
414002111531901,10126000,1.1761305321887834,0.431523125193755,0.0246091740906381,0.2057387057387057,0.3032305868568911,27.0
414002111532201,10126000,0.5220315447045244,0.1276596031691687,0.2622145452050914,0.1552580331061343,0.1718545942060766,79.0
414032111564201,10126000,0.2608007242079643,-0.0871041027356521,0.2780311177444663,-0.0522222075786781,0.515978481251882,157.0
414038111513701,10126000,0.111111939419816,0.1022388597219154,0.0392408016909281,0.0739706738416485,0.1362889273273288,407.0
414054111510601,10126000,0.2715435500339029,0.1466469048559638,0.0593837016685007,0.1168327857971838,0.1338608533372738,166.0
414109111522101,10126000,0.2344804479904745,-0.1785089678551006,0.0137333295010602,-0.132098744372389,0.0692462269944831,190.0
414119111081801,10126000,0.1858123166107213,0.0375267818503765,0.5152052530619455,0.0447145607203014,0.4380368530355896,303.0
414134111544701,10126000,0.1007388792869262,-0.1417070068374918,0.0023418317423068,-0.1238558637698265,0.0078950902283831,459.0
414141111493601,10126000,0.2606526788712275,0.1266106550044968,0.0785482671316515,0.1068270131966303,0.1381918461444728,194.0
414158111543701,10126000,0.5278773440840985,-0.1457486415016461,0.1587423799962737,-0.1753978284756298,0.0891042653137507,95.0
414209111574001,10126000,0.0896138604338866,0.0010567418101677,0.9809886237624558,-0.0674158844367116,0.1280199325749934,511.0
414214111093601,10126000,0.0669181570696979,0.0195825531013662,0.6446760515379841,0.0078873044414451,0.8526551042202329,557.0
414216111511001,10126000,0.5157783679546718,-0.1724655968668755,0.0929006998276972,-0.1395080694123235,0.1752174954718934,96.0
414236112101201,10126000,0.116281214456731,0.1518452401366903,0.0026764177289457,0.1739838987835599,0.0005673114705753,389.0
414405111513301,10126000,0.6813916369241528,-0.3553421457553789,0.0193685386324668,-0.2784657203261854,0.0705806290722551,43.0
414409111523501,10126000,0.4980211241611602,-0.1491427974752494,0.136606277905449,-0.16385021505665,0.1015755390777963,101.0
414409111523502,10126000,0.1783508930091221,-0.2412374521439247,2.405878920970865e-05,-0.2626783453849768,3.9886880732630375e-06,300.0
414430111543701,10126000,0.821177650849266,0.0109699164280168,0.945728747086848,-0.0682926829268292,0.6713767654169092,41.0
414444111553101,10126000,0.1082002333438064,0.0203955325492587,0.6969582172513008,0.0296543781948295,0.5712015895538878,367.0
414501111520001,10126000,0.1362320391598966,-0.2325958792077362,5.903126838026667e-08,-0.2186812930211671,3.599277805463218e-07,531.0
414536111495501,10126000,1.3533613368254631,0.1574354980245525,0.4523019572641354,0.0476923076923076,0.8209045857929845,25.0
414539111073401,10126000,0.0964263738044484,0.04071546514992,0.3374788770162235,0.045224792950665,0.2866538498630647,557.0
414635111505201,10126000,0.4069626890499324,0.143653055287353,0.1923538480978838,0.1451857851574364,0.1876022865466851,84.0
414642111511401,10126000,0.1311581929961654,-0.2371105575717013,2.593887762512673e-07,-0.2310410495049128,5.29763442783022e-07,461.0
414649111560301,10126000,0.2722282744152169,-0.3527837982373617,1.2757089858213187e-06,-0.3358286442725567,4.311203094723196e-06,179.0
414650111560201,10126000,0.290269205957737,-0.060967188074122,0.475867234449985,-0.0301264578399392,0.7247945977157035,139.0
414651112072501,10126000,0.0583688910232626,-0.0119862599107404,0.8280106173366151,-0.0028963986527265,0.9581333887380714,331.0
414721111590001,10126000,0.0861581944259381,-0.1049278735663032,0.0144375541685871,-0.0874066935862001,0.041751703319442,543.0
414804111565301,10126000,0.2400528233340234,-0.1364211169534539,0.0815377246885372,-0.0976535426751566,0.213504852291576,164.0
414825111494401,10126000,0.2487041001745704,-0.1132648326963127,0.1279085178247556,-0.0751793640185197,0.3131351533572425,182.0
414857111495801,10126000,0.1093673015870075,0.1576720028824605,0.0001868009085844,0.1499556548533827,0.0003834359854082,557.0
414857111495802,10126000,0.6322316423597975,0.2510138477328348,0.0698346762513049,0.2608450249959684,0.0592273328595818,53.0
414858112084301,10126000,0.0927741410238438,0.0521676526852855,0.2991885628514938,0.0734788108548127,0.143394694215262,398.0
415008111593901,10126000,0.0955141743356309,-0.0987061529049497,0.0214252346909784,-0.0656491594047008,0.1265364706264752,543.0
415023111512901,10126000,0.0894304741468686,0.1358938744411202,0.001304757519014,0.1181075621877188,0.0052553427418024,557.0
415048111194001,10126000,0.2899402068976681,-0.1132350462494858,0.1238377229898907,-0.0898908464328757,0.2224061338794761,186.0
415116111514401,10126000,0.457859542138162,0.2741583504007897,0.0126864756465062,0.1909099813889705,0.0857849679323375,82.0
415124111225401,10126000,0.084372051366469,0.1226936941785225,0.003730025770732,0.1334008857505164,0.0016026987978676,557.0
415237112084701,10126000,0.0738980400209007,-0.0163353476670937,0.7678500016785159,0.0003309094998742,0.9952292290268084,329.0
415335111221101,10126000,0.1356754229145205,0.1299662483960746,0.0071631701315542,0.115977717842548,0.016501440197404,427.0
415426111491801,10126000,0.5555533163113973,-0.1448039676744055,0.1614889220051774,-0.1759804590592349,0.0880306246811096,95.0
415502111592801,10126000,0.4580479620286906,0.0224945410362878,0.8242007076821699,0.0879927992799279,0.3839969732816697,100.0
415506112030201,10126000,0.13248162364353,0.1325000157822932,0.0038918359431649,0.1063687444402045,0.0206779241160708,473.0
415507112030201,10126000,0.2168850244041478,-0.0227254325492341,0.7556321936499057,0.0156552006784868,0.8302498111259989,190.0
415638111493601,10126000,0.1171873997124953,0.0011073806912899,0.9791963859290858,-0.0017592756004468,0.9669553671097396,557.0
415653111485401,10126000,0.2770685238522568,0.2463868285597505,0.0022910850043249,0.2278722794287022,0.004893041180864,151.0
415804111482301,10126000,0.5109995529970968,-0.012961764496589,0.9196895162680712,-0.0216013824884792,0.8665503748758974,63.0
415832111545801,10126000,1.0700355608754304,-0.0887315858085324,0.6471534241933293,-0.151231527093596,0.4335665498523821,29.0
415837111534101,10126000,0.2883587842962878,-0.0077646786750822,0.9282460049824334,0.0281843627890996,0.7437194539241503,137.0
415844110584801,10126000,0.2413210391154887,-0.0570654922680609,0.4864458589946133,-0.054367470142066,0.5073192568640108,151.0
415926111571301,10126000,0.1024837941375264,-0.1239927838270895,0.0053119172053657,-0.1180821994206878,0.007962726801466,504.0
415926111571302,10126000,0.1378733171692814,-0.0452584655818473,0.3249724940898588,-0.0626650773242466,0.1727263694981809,475.0
420011111485501,10126000,0.1513163914692739,-0.2152238781400921,1.2163157100715758e-05,-0.1918551019564702,0.0001002233943788,406.0
420150111564701,10126000,0.5891293500457678,-0.1346275692562623,0.3563862268036088,0.0588775510204081,0.6877927952480825,49.0
420522112164501,10126000,0.2715964464240147,-0.1295299594757226,0.1754334283107474,-0.1545501810950127,0.1053178365283323,111.0
420524112174601,10126000,0.4211002060228581,0.1944089092501478,0.0563741416231959,0.1978493775303187,0.0520671520536615,97.0
420547112134101,10126000,0.1474060336146588,-0.055071559393872,0.4553174153714933,0.0587545555970559,0.4256880644817126,186.0
420548112173701,10126000,0.6259394008131594,0.1028171815840009,0.4637922690066952,0.0829704886308659,0.5547544169100723,53.0
420554112173701,10126000,0.6449079471634936,-0.0756514115446269,0.5903075913094751,-0.0582164167069827,0.6788248429086893,53.0
420636112175201,10126000,0.1252674454028541,-0.015450812807771,0.7485132777922112,-0.0235371894718365,0.6252459561540409,433.0
420638112140301,10126000,0.0891957185676643,-0.1226114715106526,0.0068042182506241,-0.1424909087174301,0.0016368165289615,486.0
420716112194601,10126000,0.6675672362383185,-0.2128421138396171,0.1259776733281455,-0.2325497043113545,0.0938013792447869,53.0
420822112185301,10126000,0.7083658865829194,-0.0293133510056961,0.8349475374347001,-0.0456378003547814,0.7455634582068251,53.0
420829112160601,10126000,0.3904027982490976,-0.0611646436009481,0.5581258934363262,-0.089911100354957,0.3887952968437207,94.0
420830112192901,10126000,0.6857603308786032,0.0474546304277724,0.7357948992974237,0.1512659248508304,0.2796038667078002,53.0
420855112182301,10126000,0.1479781084175251,-0.3198716519818633,5.742330482411615e-11,-0.3362353215811037,4.994184958200893e-12,400.0
420856112184701,10126000,0.5730613129332828,-0.0784497492597792,0.5765945275220403,0.0258022899532333,0.8544882600304342,53.0
420902112173801,10126000,0.6536860616972727,-0.2108549270003006,0.1296358216558338,-0.2022314383821927,0.1464422646388721,53.0
420917112175201,10126000,0.4341844933122299,-0.0328637906627208,0.753180788377466,0.0192682125067633,0.853754731815362,94.0
420921112160501,10126000,0.5696544763225438,-0.263357620983567,0.0567358250897884,-0.2561683599419448,0.06409890971412,53.0
420950112202601,10126000,0.4977875630103817,-0.0578737479044476,0.5795350835581106,-0.0012859924357719,0.990185199166406,94.0
421000112191501,10126000,0.2621755872949532,0.0578086147211256,0.599223449046538,-0.0261481336720734,0.8122339725515515,85.0
421057112205201,10126000,0.2583340677532255,0.0771625820997376,0.3479673556807011,0.0434597865857597,0.597451850983181,150.0
421123112160301,10126000,1.137561082053909,-0.4623604483448671,0.0348286691579264,-0.4298701298701298,0.0517818817118955,21.0
421219112184101,10126000,0.1142119264541289,0.0604897813708974,0.2273877847820876,0.0577638881011295,0.2490643634994187,400.0
421321111550401,10126000,0.2737626317126067,-0.1882182908278796,0.0194064330574719,-0.1507480476339235,0.0620173545114428,154.0
421342112210001,10126000,0.5570036242786824,0.0305903444591557,0.8278642655052038,0.0039509756490888,0.9776001359955556,53.0
421401112141701,10126000,0.6294211201557498,-0.0901890511626714,0.4117230727230573,-0.0701387531756888,0.5235653959492688,85.0
421434112191401,10126000,0.1796842321512681,-0.0146158647560829,0.8188531633187491,-0.0185982492572161,0.7707216626250462,248.0
421602111493101,10126000,0.2692007040842964,-0.1097225065988066,0.5060920189237798,-0.0694331983805668,0.6744781348530413,39.0
422505112262901,10126000,0.4213150460134257,-0.0485130826569571,0.6131170790358896,-0.0612058204762364,0.523381007259376,111.0
423045111450001,10126000,0.1414583941304123,-0.1947460493455932,8.147973974115712e-05,-0.2266357568095528,4.200346234691142e-06,404.0
423433111484701,10126000,0.1889582272275601,0.0664723860585506,0.2608383356064899,0.0319976389399114,0.5886489769991307,288.0
423652111463001,10126000,0.4505343357351918,0.0857984591105165,0.4736175014468529,0.0636696893690912,0.5951834850570485,72.0
424340111344101,10126000,0.2054194255542096,0.2545835241186328,4.1195258279013505e-06,0.3253242256600738,2.676437709003174e-09,319.0
